<?xml version="1.0" encoding="UTF-8"?>
<beans xmlns:xsi="http://www.w3.org/2001/XMLSchema-instance"
	xmlns="http://www.springframework.org/schema/beans"
	xmlns:tx="http://www.springframework.org/schema/tx"
	xmlns:jdbc="http://www.springframework.org/schema/jdbc"
	xsi:schemaLocation="http://www.springframework.org/schema/beans
		http://www.springframework.org/schema/beans/spring-beans-3.0.xsd
		http://www.springframework.org/schema/jdbc     
        http://www.springframework.org/schema/jdbc/spring-jdbc-4.1.xsd
		http://www.springframework.org/schema/tx
		http://www.springframework.org/schema/tx/spring-tx-3.0.xsd">

	<!-- ******************************************************************** -->
	<!-- Mark bean transactions as annotation driven -->
	<!-- ******************************************************************** -->
	<tx:annotation-driven transaction-manager="transactionManager" />

	<!-- ******************************************************************** -->
	<!-- PropertyConfigurer for the DAO -->
	<!-- ******************************************************************** -->
	<bean id="propertyConfigurer"
		class="org.springframework.beans.factory.config.PropertyPlaceholderConfigurer">
		<property name="location" value="classpath:db/properties/database.properties" />
	</bean>

	<!-- ******************************************************************** -->
	<!-- Setup the transaction manager -->
	<!-- ******************************************************************** -->
	<bean id="transactionManager" class="org.springframework.orm.jpa.JpaTransactionManager">
		<property name="entityManagerFactory" ref="entityManagerFactory" />
	</bean>

	<!-- ******************************************************************** -->
	<!-- Setup each data source -->
	<!-- ******************************************************************** -->
	<bean id="dataSource"
		class="org.springframework.jdbc.datasource.DriverManagerDataSource">
		<property name="driverClassName" value="${connection.driver_class}" />
		<property name="url" value="${connection.url}" />
		<property name="username" value="${connection.username}" />
		<property name="password" value="${connection.password}" />
	</bean>

	<!-- ******************************************************************** -->
	<!-- Setup each persistence unit -->
	<!-- ******************************************************************** -->

	<!-- Configure a JPA vendor adapter -->
	<bean id="openJpaVendorAdapter" class="org.springframework.orm.jpa.vendor.OpenJpaVendorAdapter">
		<property name="showSql" value="${connection.show_sql}" />
		<property name="generateDdl" value="${connection.generateDdl}" />
		<property name="databasePlatform" value="${connection.dialect}" />
	</bean>

	<!-- EntityManager Factory that brings together the persistence unit, datasource, 
		and JPA Vendor -->
	<bean id="entityManagerFactory"
		class="org.springframework.orm.jpa.LocalContainerEntityManagerFactoryBean">
		<property name="dataSource" ref="dataSource" />
		<property name="jpaVendorAdapter" ref="openJpaVendorAdapter" />
		<property name="persistenceUnitName" value="LIBRARY_UNIT" />
	</bean>
	
	<bean id="sharedEntityManager" class="org.springframework.orm.jpa.support.SharedEntityManagerBean">
		<property name="entityManagerFactory" ref="entityManagerFactory"/>
	</bean>
	
	<jdbc:initialize-database data-source="dataSource" ignore-failures="DROPS">
    <jdbc:script location="classpath:db/sql/create-db.sql" />
    <jdbc:script location="classpath:db/sql/insert-data.sql" />
</jdbc:initialize-database>
</beans>